-- Delivery Persons
INSERT INTO delivery_persons (delivery_person_id, name, region, hired_date, is_active) VALUES (1, 'Rider 1', 'North', '2025-07-12', FALSE);
INSERT INTO delivery_persons (delivery_person_id, name, region, hired_date, is_active) VALUES (2, 'Rider 2', 'South', '2024-07-04', TRUE);
INSERT INTO delivery_persons (delivery_person_id, name, region, hired_date, is_active) VALUES (3, 'Rider 3', 'North', '2024-01-09', TRUE);
INSERT INTO delivery_persons (delivery_person_id, name, region, hired_date, is_active) VALUES (4, 'Rider 4', 'North', '2023-10-29', FALSE);
INSERT INTO delivery_persons (delivery_person_id, name, region, hired_date, is_active) VALUES (5, 'Rider 5', 'North', '2024-05-22', TRUE);
INSERT INTO delivery_persons (delivery_person_id, name, region, hired_date, is_active) VALUES (6, 'Rider 6', 'West', '2025-07-23', TRUE);
INSERT INTO delivery_persons (delivery_person_id, name, region, hired_date, is_active) VALUES (7, 'Rider 7', 'East', '2025-05-22', TRUE);
INSERT INTO delivery_persons (delivery_person_id, name, region, hired_date, is_active) VALUES (8, 'Rider 8', 'South', '2023-10-03', TRUE);
INSERT INTO delivery_persons (delivery_person_id, name, region, hired_date, is_active) VALUES (9, 'Rider 9', 'East', '2024-09-09', FALSE);
INSERT INTO delivery_persons (delivery_person_id, name, region, hired_date, is_active) VALUES (10, 'Rider 10', 'North', '2024-09-05', FALSE);
INSERT INTO delivery_persons (delivery_person_id, name, region, hired_date, is_active) VALUES (11, 'Rider 11', 'East', '2024-01-04', TRUE);
INSERT INTO delivery_persons (delivery_person_id, name, region, hired_date, is_active) VALUES (12, 'Rider 12', 'East', '2025-06-06', TRUE);
INSERT INTO delivery_persons (delivery_person_id, name, region, hired_date, is_active) VALUES (13, 'Rider 13', 'North', '2025-01-09', TRUE);
INSERT INTO delivery_persons (delivery_person_id, name, region, hired_date, is_active) VALUES (14, 'Rider 14', 'North', '2024-10-18', TRUE);
INSERT INTO delivery_persons (delivery_person_id, name, region, hired_date, is_active) VALUES (15, 'Rider 15', 'East', '2025-07-01', TRUE);
INSERT INTO delivery_persons (delivery_person_id, name, region, hired_date, is_active) VALUES (16, 'Rider 16', 'North', '2025-09-17', FALSE);
INSERT INTO delivery_persons (delivery_person_id, name, region, hired_date, is_active) VALUES (17, 'Rider 17', 'East', '2024-05-17', TRUE);
INSERT INTO delivery_persons (delivery_person_id, name, region, hired_date, is_active) VALUES (18, 'Rider 18', 'North', '2024-05-22', TRUE);

-- Restaurants
INSERT INTO restaurants (restaurant_id, area, name, cuisine_type, avg_preparation_time_min) VALUES ('REST0001', 'Riverside', 'Restaurant 1', 'Sushi', 30.9);
INSERT INTO restaurants (restaurant_id, area, name, cuisine_type, avg_preparation_time_min) VALUES ('REST0002', 'Midtown', 'Restaurant 2', 'Chinese', 18.9);
INSERT INTO restaurants (restaurant_id, area, name, cuisine_type, avg_preparation_time_min) VALUES ('REST0003', 'TechPark', 'Restaurant 3', 'Chinese', 27.5);
INSERT INTO restaurants (restaurant_id, area, name, cuisine_type, avg_preparation_time_min) VALUES ('REST0004', 'TechPark', 'Restaurant 4', 'Sushi', 11.8);
INSERT INTO restaurants (restaurant_id, area, name, cuisine_type, avg_preparation_time_min) VALUES ('REST0005', 'TechPark', 'Restaurant 5', 'Indian', 23.4);
INSERT INTO restaurants (restaurant_id, area, name, cuisine_type, avg_preparation_time_min) VALUES ('REST0006', 'Midtown', 'Restaurant 6', 'Indian', 21.6);
INSERT INTO restaurants (restaurant_id, area, name, cuisine_type, avg_preparation_time_min) VALUES ('REST0007', 'Uptown', 'Restaurant 7', 'Sushi', 27.2);
INSERT INTO restaurants (restaurant_id, area, name, cuisine_type, avg_preparation_time_min) VALUES ('REST0008', 'Midtown', 'Restaurant 8', 'Sushi', 18.1);
INSERT INTO restaurants (restaurant_id, area, name, cuisine_type, avg_preparation_time_min) VALUES ('REST0009', 'OldTown', 'Restaurant 9', 'Vegan', 11.4);
INSERT INTO restaurants (restaurant_id, area, name, cuisine_type, avg_preparation_time_min) VALUES ('REST0010', 'OldTown', 'Restaurant 10', 'Italian', 30.1);
INSERT INTO restaurants (restaurant_id, area, name, cuisine_type, avg_preparation_time_min) VALUES ('REST0011', 'Riverside', 'Restaurant 11', 'Chinese', 11.7);
INSERT INTO restaurants (restaurant_id, area, name, cuisine_type, avg_preparation_time_min) VALUES ('REST0012', 'Harbor', 'Restaurant 12', 'Sushi', 17.9);
INSERT INTO restaurants (restaurant_id, area, name, cuisine_type, avg_preparation_time_min) VALUES ('REST0013', 'TechPark', 'Restaurant 13', 'Mexican', 19.9);
INSERT INTO restaurants (restaurant_id, area, name, cuisine_type, avg_preparation_time_min) VALUES ('REST0014', 'TechPark', 'Restaurant 14', 'Mexican', 13.6);
INSERT INTO restaurants (restaurant_id, area, name, cuisine_type, avg_preparation_time_min) VALUES ('REST0015', 'Midtown', 'Restaurant 15', 'Indian', 28.6);
INSERT INTO restaurants (restaurant_id, area, name, cuisine_type, avg_preparation_time_min) VALUES ('REST0016', 'Harbor', 'Restaurant 16', 'Chinese', 28.7);
INSERT INTO restaurants (restaurant_id, area, name, cuisine_type, avg_preparation_time_min) VALUES ('REST0017', 'Riverside', 'Restaurant 17', 'Burgers', 20.0);
INSERT INTO restaurants (restaurant_id, area, name, cuisine_type, avg_preparation_time_min) VALUES ('REST0018', 'Midtown', 'Restaurant 18', 'Indian', 22.7);
INSERT INTO restaurants (restaurant_id, area, name, cuisine_type, avg_preparation_time_min) VALUES ('REST0019', 'Downtown', 'Restaurant 19', 'Vegan', 11.2);
INSERT INTO restaurants (restaurant_id, area, name, cuisine_type, avg_preparation_time_min) VALUES ('REST0020', 'Downtown', 'Restaurant 20', 'Indian', 25.7);
INSERT INTO restaurants (restaurant_id, area, name, cuisine_type, avg_preparation_time_min) VALUES ('REST0021', 'OldTown', 'Restaurant 21', 'Sushi', 20.6);
INSERT INTO restaurants (restaurant_id, area, name, cuisine_type, avg_preparation_time_min) VALUES ('REST0022', 'Downtown', 'Restaurant 22', 'Mexican', 19.5);

-- Deliveries
INSERT INTO deliveries (delivery_id, delivery_person_id, restaurant_area, customer_area, delivery_distance_km, delivery_time_min, order_placed_at, weather_condition, traffic_condition, delivery_rating) VALUES ('DLV00001', 10, 'Midtown', 'Uptown', 6.82, 60, '2025-08-24 22:00:32', 'fog', 'low', 4.0);
INSERT INTO deliveries (delivery_id, delivery_person_id, restaurant_area, customer_area, delivery_distance_km, delivery_time_min, order_placed_at, weather_condition, traffic_condition, delivery_rating) VALUES ('DLV00002', 8, 'Downtown', 'Harbor', 0.58, 33, '2025-08-02 10:26:32', 'rain', 'low', 4.1);
INSERT INTO deliveries (delivery_id, delivery_person_id, restaurant_area, customer_area, delivery_distance_km, delivery_time_min, order_placed_at, weather_condition, traffic_condition, delivery_rating) VALUES ('DLV00003', 8, 'TechPark', 'OldTown', 5.3, 47, '2025-06-06 19:36:32', 'cloudy', 'moderate', 3.9);
INSERT INTO deliveries (delivery_id, delivery_person_id, restaurant_area, customer_area, delivery_distance_km, delivery_time_min, order_placed_at, weather_condition, traffic_condition, delivery_rating) VALUES ('DLV00004', 3, 'OldTown', 'OldTown', 4.85, 119, '2025-06-01 15:17:32', 'storm', 'high', 3.5);
INSERT INTO deliveries (delivery_id, delivery_person_id, restaurant_area, customer_area, delivery_distance_km, delivery_time_min, order_placed_at, weather_condition, traffic_condition, delivery_rating) VALUES ('DLV00005', 8, 'Downtown', 'Harbor', 7.49, 73, '2025-08-27 14:40:32', 'storm', 'low', 4.4);
INSERT INTO deliveries (delivery_id, delivery_person_id, restaurant_area, customer_area, delivery_distance_km, delivery_time_min, order_placed_at, weather_condition, traffic_condition, delivery_rating) VALUES ('DLV00006', 11, 'TechPark', 'Midtown', 0.3, 42, '2025-09-09 18:25:32', 'rain', 'moderate', 4.0);
INSERT INTO deliveries (delivery_id, delivery_person_id, restaurant_area, customer_area, delivery_distance_km, delivery_time_min, order_placed_at, weather_condition, traffic_condition, delivery_rating) VALUES ('DLV00007', 16, 'Midtown', 'Midtown', 4.52, 106, '2025-06-21 16:11:32', 'storm', 'high', 3.9);
INSERT INTO deliveries (delivery_id, delivery_person_id, restaurant_area, customer_area, delivery_distance_km, delivery_time_min, order_placed_at, weather_condition, traffic_condition, delivery_rating) VALUES ('DLV00008', 16, 'Midtown', 'TechPark', 2.71, 54, '2025-08-14 15:18:32', 'fog', 'moderate', 4.2);
INSERT INTO deliveries (delivery_id, delivery_person_id, restaurant_area, customer_area, delivery_distance_km, delivery_time_min, order_placed_at, weather_condition, traffic_condition, delivery_rating) VALUES ('DLV00009', 17, 'Riverside', 'Harbor', 2.84, 98, '2025-09-18 14:00:32', 'storm', 'high', 3.6);
INSERT INTO deliveries (delivery_id, delivery_person_id, restaurant_area, customer_area, delivery_distance_km, delivery_time_min, order_placed_at, weather_condition, traffic_condition, delivery_rating) VALUES ('DLV00010', 8, 'TechPark', 'Uptown', 5.04, 95, '2025-08-26 00:04:32', 'cloudy', 'gridlock', 4.0);
INSERT INTO deliveries (delivery_id, delivery_person_id, restaurant_area, customer_area, delivery_distance_km, delivery_time_min, order_placed_at, weather_condition, traffic_condition, delivery_rating) VALUES ('DLV00011', 6, 'TechPark', 'OldTown', 1.33, 24, '2025-07-28 16:52:32', 'clear', 'low', 3.9);
INSERT INTO deliveries (delivery_id, delivery_person_id, restaurant_area, customer_area, delivery_distance_km, delivery_time_min, order_placed_at, weather_condition, traffic_condition, delivery_rating) VALUES ('DLV00012', 8, 'OldTown', 'Midtown', 5.05, 97, '2025-09-02 09:21:32', 'cloudy', 'gridlock', 3.8);
INSERT INTO deliveries (delivery_id, delivery_person_id, restaurant_area, customer_area, delivery_distance_km, delivery_time_min, order_placed_at, weather_condition, traffic_condition, delivery_rating) VALUES ('DLV00013', 4, 'Riverside', 'OldTown', 5.63, 44, '2025-09-17 01:04:32', 'fog', 'low', 4.8);
INSERT INTO deliveries (delivery_id, delivery_person_id, restaurant_area, customer_area, delivery_distance_km, delivery_time_min, order_placed_at, weather_condition, traffic_condition, delivery_rating) VALUES ('DLV00014', 7, 'TechPark', 'Midtown', 0.3, 44, '2025-09-05 02:24:32', 'cloudy', 'gridlock', 3.3);
INSERT INTO deliveries (delivery_id, delivery_person_id, restaurant_area, customer_area, delivery_distance_km, delivery_time_min, order_placed_at, weather_condition, traffic_condition, delivery_rating) VALUES ('DLV00015', 4, 'TechPark', 'Midtown', 4.47, 68, '2025-08-08 06:56:32', 'fog', 'gridlock', 3.6);
INSERT INTO deliveries (delivery_id, delivery_person_id, restaurant_area, customer_area, delivery_distance_km, delivery_time_min, order_placed_at, weather_condition, traffic_condition, delivery_rating) VALUES ('DLV00016', 17, 'Midtown', 'Harbor', 2.04, 52, '2025-09-18 21:08:32', 'rain', 'low', 4.3);
INSERT INTO deliveries (delivery_id, delivery_person_id, restaurant_area, customer_area, delivery_distance_km, delivery_time_min, order_placed_at, weather_condition, traffic_condition, delivery_rating) VALUES ('DLV00017', 8, 'Downtown', 'Midtown', 4.79, 45, '2025-07-21 10:52:32', 'clear', 'moderate', 3.5);
INSERT INTO deliveries (delivery_id, delivery_person_id, restaurant_area, customer_area, delivery_distance_km, delivery_time_min, order_placed_at, weather_condition, traffic_condition, delivery_rating) VALUES ('DLV00018', 14, 'OldTown', 'Harbor', 2.31, 39, '2025-06-04 21:40:32', 'fog', 'low', 4.5);
INSERT INTO deliveries (delivery_id, delivery_person_id, restaurant_area, customer_area, delivery_distance_km, delivery_time_min, order_placed_at, weather_condition, traffic_condition, delivery_rating) VALUES ('DLV00019', 16, 'TechPark', 'Riverside', 3.16, 71, '2025-05-30 07:42:32', 'storm', 'high', 4.3);
INSERT INTO deliveries (delivery_id, delivery_person_id, restaurant_area, customer_area, delivery_distance_km, delivery_time_min, order_placed_at, weather_condition, traffic_condition, delivery_rating) VALUES ('DLV00020', 9, 'Midtown', 'Downtown', 6.11, 130, '2025-06-22 13:55:32', 'fog', 'gridlock', 3.2);
INSERT INTO deliveries (delivery_id, delivery_person_id, restaurant_area, customer_area, delivery_distance_km, delivery_time_min, order_placed_at, weather_condition, traffic_condition, delivery_rating) VALUES ('DLV00021', 11, 'TechPark', 'Harbor', 7.77, 71, '2025-07-24 07:47:32', 'rain', 'moderate', 3.7);
INSERT INTO deliveries (delivery_id, delivery_person_id, restaurant_area, customer_area, delivery_distance_km, delivery_time_min, order_placed_at, weather_condition, traffic_condition, delivery_rating) VALUES ('DLV00022', 15, 'TechPark', 'Midtown', 6.1, 50, '2025-07-09 19:22:32', 'fog', 'low', 4.8);
INSERT INTO deliveries (delivery_id, delivery_person_id, restaurant_area, customer_area, delivery_distance_km, delivery_time_min, order_placed_at, weather_condition, traffic_condition, delivery_rating) VALUES ('DLV00023', 3, 'Midtown', 'Uptown', 2.49, 49, '2025-06-05 12:08:32', 'rain', 'moderate', 4.3);
INSERT INTO deliveries (delivery_id, delivery_person_id, restaurant_area, customer_area, delivery_distance_km, delivery_time_min, order_placed_at, weather_condition, traffic_condition, delivery_rating) VALUES ('DLV00024', 13, 'Midtown', 'Midtown', 6.72, 115, '2025-08-25 14:50:32', 'rain', 'gridlock', 3.5);
INSERT INTO deliveries (delivery_id, delivery_person_id, restaurant_area, customer_area, delivery_distance_km, delivery_time_min, order_placed_at, weather_condition, traffic_condition, delivery_rating) VALUES ('DLV00025', 4, 'Harbor', 'Midtown', 2.0, 32, '2025-09-05 16:27:32', 'clear', 'low', 5.0);
INSERT INTO deliveries (delivery_id, delivery_person_id, restaurant_area, customer_area, delivery_distance_km, delivery_time_min, order_placed_at, weather_condition, traffic_condition, delivery_rating) VALUES ('DLV00026', 11, 'OldTown', 'OldTown', 5.89, 87, '2025-06-12 04:18:32', 'storm', 'moderate', 4.0);
INSERT INTO deliveries (delivery_id, delivery_person_id, restaurant_area, customer_area, delivery_distance_km, delivery_time_min, order_placed_at, weather_condition, traffic_condition, delivery_rating) VALUES ('DLV00027', 16, 'Downtown', 'Harbor', 2.77, 40, '2025-06-03 04:42:32', 'fog', 'high', 4.5);
INSERT INTO deliveries (delivery_id, delivery_person_id, restaurant_area, customer_area, delivery_distance_km, delivery_time_min, order_placed_at, weather_condition, traffic_condition, delivery_rating) VALUES ('DLV00028', 2, 'OldTown', 'TechPark', 2.64, 48, '2025-05-31 08:00:32', 'cloudy', 'moderate', 4.0);
INSERT INTO deliveries (delivery_id, delivery_person_id, restaurant_area, customer_area, delivery_distance_km, delivery_time_min, order_placed_at, weather_condition, traffic_condition, delivery_rating) VALUES ('DLV00029', 3, 'Downtown', 'Riverside', 2.43, 44, '2025-06-18 02:04:32', 'rain', 'moderate', 4.5);
INSERT INTO deliveries (delivery_id, delivery_person_id, restaurant_area, customer_area, delivery_distance_km, delivery_time_min, order_placed_at, weather_condition, traffic_condition, delivery_rating) VALUES ('DLV00030', 6, 'Harbor', 'OldTown', 6.62, 79, '2025-06-09 00:41:32', 'storm', 'moderate', 4.5);
INSERT INTO deliveries (delivery_id, delivery_person_id, restaurant_area, customer_area, delivery_distance_km, delivery_time_min, order_placed_at, weather_condition, traffic_condition, delivery_rating) VALUES ('DLV00031', 9, 'TechPark', 'TechPark', 2.7, 48, '2025-09-22 18:43:32', 'rain', 'low', 3.7);
INSERT INTO deliveries (delivery_id, delivery_person_id, restaurant_area, customer_area, delivery_distance_km, delivery_time_min, order_placed_at, weather_condition, traffic_condition, delivery_rating) VALUES ('DLV00032', 10, 'Downtown', 'Downtown', 5.92, 72, '2025-08-15 15:48:32', 'cloudy', 'high', 3.1);
INSERT INTO deliveries (delivery_id, delivery_person_id, restaurant_area, customer_area, delivery_distance_km, delivery_time_min, order_placed_at, weather_condition, traffic_condition, delivery_rating) VALUES ('DLV00033', 7, 'Midtown', 'Downtown', 4.49, 62, '2025-08-02 04:09:32', 'storm', 'low', 4.2);
INSERT INTO deliveries (delivery_id, delivery_person_id, restaurant_area, customer_area, delivery_distance_km, delivery_time_min, order_placed_at, weather_condition, traffic_condition, delivery_rating) VALUES ('DLV00034', 14, 'Harbor', 'Uptown', 3.23, 42, '2025-09-25 22:56:32', 'rain', 'moderate', 4.6);
INSERT INTO deliveries (delivery_id, delivery_person_id, restaurant_area, customer_area, delivery_distance_km, delivery_time_min, order_placed_at, weather_condition, traffic_condition, delivery_rating) VALUES ('DLV00035', 12, 'Riverside', 'Midtown', 5.93, 118, '2025-07-04 12:09:32', 'rain', 'gridlock', 3.0);
INSERT INTO deliveries (delivery_id, delivery_person_id, restaurant_area, customer_area, delivery_distance_km, delivery_time_min, order_placed_at, weather_condition, traffic_condition, delivery_rating) VALUES ('DLV00036', 3, 'Harbor', 'OldTown', 4.96, 56, '2025-07-03 03:12:32', 'fog', 'moderate', 3.8);
INSERT INTO deliveries (delivery_id, delivery_person_id, restaurant_area, customer_area, delivery_distance_km, delivery_time_min, order_placed_at, weather_condition, traffic_condition, delivery_rating) VALUES ('DLV00037', 14, 'TechPark', 'Harbor', 4.61, 65, '2025-08-21 09:28:32', 'storm', 'high', 3.2);
INSERT INTO deliveries (delivery_id, delivery_person_id, restaurant_area, customer_area, delivery_distance_km, delivery_time_min, order_placed_at, weather_condition, traffic_condition, delivery_rating) VALUES ('DLV00038', 17, 'TechPark', 'Uptown', 5.07, 56, '2025-06-02 16:45:32', 'rain', 'low', 3.9);
INSERT INTO deliveries (delivery_id, delivery_person_id, restaurant_area, customer_area, delivery_distance_km, delivery_time_min, order_placed_at, weather_condition, traffic_condition, delivery_rating) VALUES ('DLV00039', 11, 'TechPark', 'Harbor', 2.66, 53, '2025-06-22 08:12:32', 'clear', 'moderate', 5.0);
INSERT INTO deliveries (delivery_id, delivery_person_id, restaurant_area, customer_area, delivery_distance_km, delivery_time_min, order_placed_at, weather_condition, traffic_condition, delivery_rating) VALUES ('DLV00040', 11, 'Downtown', 'TechPark', 5.65, 87, '2025-09-17 01:29:32', 'storm', 'moderate', 3.7);
INSERT INTO deliveries (delivery_id, delivery_person_id, restaurant_area, customer_area, delivery_distance_km, delivery_time_min, order_placed_at, weather_condition, traffic_condition, delivery_rating) VALUES ('DLV00041', 12, 'TechPark', 'Downtown', 2.89, 52, '2025-06-04 12:06:32', 'clear', 'gridlock', 3.0);
INSERT INTO deliveries (delivery_id, delivery_person_id, restaurant_area, customer_area, delivery_distance_km, delivery_time_min, order_placed_at, weather_condition, traffic_condition, delivery_rating) VALUES ('DLV00042', 16, 'Riverside', 'Harbor', 2.42, 83, '2025-06-16 01:13:32', 'storm', 'high', 3.2);
INSERT INTO deliveries (delivery_id, delivery_person_id, restaurant_area, customer_area, delivery_distance_km, delivery_time_min, order_placed_at, weather_condition, traffic_condition, delivery_rating) VALUES ('DLV00043', 18, 'Downtown', 'TechPark', 6.64, 117, '2025-06-01 22:27:32', 'storm', 'gridlock', 3.4);
INSERT INTO deliveries (delivery_id, delivery_person_id, restaurant_area, customer_area, delivery_distance_km, delivery_time_min, order_placed_at, weather_condition, traffic_condition, delivery_rating) VALUES ('DLV00044', 3, 'Midtown', 'Midtown', 5.5, 61, '2025-06-18 23:24:32', 'rain', 'moderate', 4.2);
INSERT INTO deliveries (delivery_id, delivery_person_id, restaurant_area, customer_area, delivery_distance_km, delivery_time_min, order_placed_at, weather_condition, traffic_condition, delivery_rating) VALUES ('DLV00045', 10, 'Riverside', 'Harbor', 4.94, 62, '2025-08-16 22:50:32', 'cloudy', 'moderate', 4.4);
INSERT INTO deliveries (delivery_id, delivery_person_id, restaurant_area, customer_area, delivery_distance_km, delivery_time_min, order_placed_at, weather_condition, traffic_condition, delivery_rating) VALUES ('DLV00046', 12, 'Harbor', 'TechPark', 4.8, 106, '2025-09-19 09:02:32', 'storm', 'gridlock', 3.1);
INSERT INTO deliveries (delivery_id, delivery_person_id, restaurant_area, customer_area, delivery_distance_km, delivery_time_min, order_placed_at, weather_condition, traffic_condition, delivery_rating) VALUES ('DLV00047', 5, 'OldTown', 'Riverside', 0.3, 54, '2025-06-05 21:31:32', 'storm', 'high', 4.8);
INSERT INTO deliveries (delivery_id, delivery_person_id, restaurant_area, customer_area, delivery_distance_km, delivery_time_min, order_placed_at, weather_condition, traffic_condition, delivery_rating) VALUES ('DLV00048', 16, 'Riverside', 'Downtown', 0.3, 62, '2025-06-23 22:04:32', 'storm', 'moderate', 4.5);
INSERT INTO deliveries (delivery_id, delivery_person_id, restaurant_area, customer_area, delivery_distance_km, delivery_time_min, order_placed_at, weather_condition, traffic_condition, delivery_rating) VALUES ('DLV00049', 16, 'Riverside', 'Riverside', 3.01, 88, '2025-07-02 18:04:32', 'cloudy', 'gridlock', 4.3);
INSERT INTO deliveries (delivery_id, delivery_person_id, restaurant_area, customer_area, delivery_distance_km, delivery_time_min, order_placed_at, weather_condition, traffic_condition, delivery_rating) VALUES ('DLV00050', 10, 'OldTown', 'Uptown', 3.7, 61, '2025-07-04 15:50:32', 'cloudy', 'gridlock', 3.7);
INSERT INTO deliveries (delivery_id, delivery_person_id, restaurant_area, customer_area, delivery_distance_km, delivery_time_min, order_placed_at, weather_condition, traffic_condition, delivery_rating) VALUES ('DLV00051', 12, 'Riverside', 'Downtown', 1.85, 93, '2025-08-30 01:35:32', 'storm', 'high', 3.6);
INSERT INTO deliveries (delivery_id, delivery_person_id, restaurant_area, customer_area, delivery_distance_km, delivery_time_min, order_placed_at, weather_condition, traffic_condition, delivery_rating) VALUES ('DLV00052', 10, 'OldTown', 'Midtown', 4.83, 59, '2025-09-20 04:41:32', 'clear', 'low', 2.7);
INSERT INTO deliveries (delivery_id, delivery_person_id, restaurant_area, customer_area, delivery_distance_km, delivery_time_min, order_placed_at, weather_condition, traffic_condition, delivery_rating) VALUES ('DLV00053', 13, 'Downtown', 'Midtown', 6.09, 76, '2025-07-09 11:40:32', 'storm', 'moderate', 3.5);
INSERT INTO deliveries (delivery_id, delivery_person_id, restaurant_area, customer_area, delivery_distance_km, delivery_time_min, order_placed_at, weather_condition, traffic_condition, delivery_rating) VALUES ('DLV00054', 17, 'Downtown', 'Uptown', 0.76, 30, '2025-06-22 17:48:32', 'rain', 'moderate', 4.3);
INSERT INTO deliveries (delivery_id, delivery_person_id, restaurant_area, customer_area, delivery_distance_km, delivery_time_min, order_placed_at, weather_condition, traffic_condition, delivery_rating) VALUES ('DLV00055', 11, 'Midtown', 'TechPark', 5.24, 60, '2025-06-02 03:30:32', 'clear', 'moderate', 3.8);
INSERT INTO deliveries (delivery_id, delivery_person_id, restaurant_area, customer_area, delivery_distance_km, delivery_time_min, order_placed_at, weather_condition, traffic_condition, delivery_rating) VALUES ('DLV00056', 5, 'Midtown', 'Downtown', 2.4, 48, '2025-09-10 21:05:32', 'rain', 'low', 3.9);
INSERT INTO deliveries (delivery_id, delivery_person_id, restaurant_area, customer_area, delivery_distance_km, delivery_time_min, order_placed_at, weather_condition, traffic_condition, delivery_rating) VALUES ('DLV00057', 12, 'Midtown', 'TechPark', 1.97, 76, '2025-08-14 15:01:32', 'rain', 'gridlock', 3.2);
INSERT INTO deliveries (delivery_id, delivery_person_id, restaurant_area, customer_area, delivery_distance_km, delivery_time_min, order_placed_at, weather_condition, traffic_condition, delivery_rating) VALUES ('DLV00058', 2, 'TechPark', 'Riverside', 1.17, 39, '2025-09-03 16:22:32', 'fog', 'high', 3.6);
INSERT INTO deliveries (delivery_id, delivery_person_id, restaurant_area, customer_area, delivery_distance_km, delivery_time_min, order_placed_at, weather_condition, traffic_condition, delivery_rating) VALUES ('DLV00059', 15, 'Riverside', 'Riverside', 3.55, 73, '2025-06-12 16:18:32', 'rain', 'low', 4.1);
INSERT INTO deliveries (delivery_id, delivery_person_id, restaurant_area, customer_area, delivery_distance_km, delivery_time_min, order_placed_at, weather_condition, traffic_condition, delivery_rating) VALUES ('DLV00060', 4, 'TechPark', 'Midtown', 2.99, 56, '2025-07-03 03:34:32', 'storm', 'low', 3.7);
INSERT INTO deliveries (delivery_id, delivery_person_id, restaurant_area, customer_area, delivery_distance_km, delivery_time_min, order_placed_at, weather_condition, traffic_condition, delivery_rating) VALUES ('DLV00061', 8, 'TechPark', 'Downtown', 6.27, 83, '2025-08-24 05:38:32', 'fog', 'high', 4.9);
INSERT INTO deliveries (delivery_id, delivery_person_id, restaurant_area, customer_area, delivery_distance_km, delivery_time_min, order_placed_at, weather_condition, traffic_condition, delivery_rating) VALUES ('DLV00062', 12, 'Downtown', 'OldTown', 4.31, 68, '2025-08-05 00:20:32', 'storm', 'moderate', 3.4);
INSERT INTO deliveries (delivery_id, delivery_person_id, restaurant_area, customer_area, delivery_distance_km, delivery_time_min, order_placed_at, weather_condition, traffic_condition, delivery_rating) VALUES ('DLV00063', 15, 'Riverside', 'TechPark', 3.39, 93, '2025-08-20 08:30:32', 'storm', 'high', 3.2);
INSERT INTO deliveries (delivery_id, delivery_person_id, restaurant_area, customer_area, delivery_distance_km, delivery_time_min, order_placed_at, weather_condition, traffic_condition, delivery_rating) VALUES ('DLV00064', 5, 'TechPark', 'Midtown', 3.39, 73, '2025-08-11 17:26:32', 'rain', 'high', 4.1);
INSERT INTO deliveries (delivery_id, delivery_person_id, restaurant_area, customer_area, delivery_distance_km, delivery_time_min, order_placed_at, weather_condition, traffic_condition, delivery_rating) VALUES ('DLV00065', 10, 'OldTown', 'Harbor', 3.52, 97, '2025-06-22 22:07:32', 'rain', 'gridlock', 3.4);
INSERT INTO deliveries (delivery_id, delivery_person_id, restaurant_area, customer_area, delivery_distance_km, delivery_time_min, order_placed_at, weather_condition, traffic_condition, delivery_rating) VALUES ('DLV00066', 13, 'Midtown', 'Harbor', 0.3, 36, '2025-09-14 09:37:32', 'rain', 'moderate', 4.3);
INSERT INTO deliveries (delivery_id, delivery_person_id, restaurant_area, customer_area, delivery_distance_km, delivery_time_min, order_placed_at, weather_condition, traffic_condition, delivery_rating) VALUES ('DLV00067', 13, 'TechPark', 'Riverside', 2.74, 64, '2025-09-21 14:20:32', 'clear', 'gridlock', 4.4);
INSERT INTO deliveries (delivery_id, delivery_person_id, restaurant_area, customer_area, delivery_distance_km, delivery_time_min, order_placed_at, weather_condition, traffic_condition, delivery_rating) VALUES ('DLV00068', 14, 'Midtown', 'Riverside', 2.13, 84, '2025-08-14 10:52:32', 'storm', 'high', 3.8);
INSERT INTO deliveries (delivery_id, delivery_person_id, restaurant_area, customer_area, delivery_distance_km, delivery_time_min, order_placed_at, weather_condition, traffic_condition, delivery_rating) VALUES ('DLV00069', 16, 'TechPark', 'OldTown', 6.11, 86, '2025-07-07 18:52:32', 'clear', 'high', 3.9);
INSERT INTO deliveries (delivery_id, delivery_person_id, restaurant_area, customer_area, delivery_distance_km, delivery_time_min, order_placed_at, weather_condition, traffic_condition, delivery_rating) VALUES ('DLV00070', 17, 'Harbor', 'Harbor', 3.96, 96, '2025-07-11 20:41:32', 'storm', 'gridlock', 3.4);
INSERT INTO deliveries (delivery_id, delivery_person_id, restaurant_area, customer_area, delivery_distance_km, delivery_time_min, order_placed_at, weather_condition, traffic_condition, delivery_rating) VALUES ('DLV00071', 16, 'TechPark', 'Midtown', 1.47, 25, '2025-07-15 20:52:32', 'cloudy', 'moderate', 4.3);
INSERT INTO deliveries (delivery_id, delivery_person_id, restaurant_area, customer_area, delivery_distance_km, delivery_time_min, order_placed_at, weather_condition, traffic_condition, delivery_rating) VALUES ('DLV00072', 2, 'TechPark', 'Downtown', 4.82, 103, '2025-09-17 10:55:32', 'storm', 'gridlock', 3.0);
INSERT INTO deliveries (delivery_id, delivery_person_id, restaurant_area, customer_area, delivery_distance_km, delivery_time_min, order_placed_at, weather_condition, traffic_condition, delivery_rating) VALUES ('DLV00073', 7, 'Midtown', 'TechPark', 4.49, 74, '2025-06-28 06:11:32', 'rain', 'moderate', 4.0);
INSERT INTO deliveries (delivery_id, delivery_person_id, restaurant_area, customer_area, delivery_distance_km, delivery_time_min, order_placed_at, weather_condition, traffic_condition, delivery_rating) VALUES ('DLV00074', 18, 'Midtown', 'Downtown', 1.28, 45, '2025-09-01 02:48:32', 'cloudy', 'moderate', 3.6);
INSERT INTO deliveries (delivery_id, delivery_person_id, restaurant_area, customer_area, delivery_distance_km, delivery_time_min, order_placed_at, weather_condition, traffic_condition, delivery_rating) VALUES ('DLV00075', 1, 'Midtown', 'TechPark', 3.98, 78, '2025-06-17 06:17:32', 'storm', 'high', 4.3);
INSERT INTO deliveries (delivery_id, delivery_person_id, restaurant_area, customer_area, delivery_distance_km, delivery_time_min, order_placed_at, weather_condition, traffic_condition, delivery_rating) VALUES ('DLV00076', 12, 'Midtown', 'Riverside', 6.15, 138, '2025-08-22 23:21:32', 'storm', 'gridlock', 3.2);
INSERT INTO deliveries (delivery_id, delivery_person_id, restaurant_area, customer_area, delivery_distance_km, delivery_time_min, order_placed_at, weather_condition, traffic_condition, delivery_rating) VALUES ('DLV00077', 12, 'OldTown', 'Midtown', 8.29, 84, '2025-07-11 07:54:32', 'rain', 'low', 3.0);
INSERT INTO deliveries (delivery_id, delivery_person_id, restaurant_area, customer_area, delivery_distance_km, delivery_time_min, order_placed_at, weather_condition, traffic_condition, delivery_rating) VALUES ('DLV00078', 14, 'TechPark', 'OldTown', 2.44, 50, '2025-07-05 00:57:32', 'cloudy', 'high', 4.0);
INSERT INTO deliveries (delivery_id, delivery_person_id, restaurant_area, customer_area, delivery_distance_km, delivery_time_min, order_placed_at, weather_condition, traffic_condition, delivery_rating) VALUES ('DLV00079', 8, 'Midtown', 'TechPark', 2.51, 57, '2025-07-28 04:29:32', 'rain', 'moderate', 3.5);
INSERT INTO deliveries (delivery_id, delivery_person_id, restaurant_area, customer_area, delivery_distance_km, delivery_time_min, order_placed_at, weather_condition, traffic_condition, delivery_rating) VALUES ('DLV00080', 6, 'TechPark', 'OldTown', 5.23, 79, '2025-06-13 22:53:32', 'clear', 'gridlock', 4.2);
INSERT INTO deliveries (delivery_id, delivery_person_id, restaurant_area, customer_area, delivery_distance_km, delivery_time_min, order_placed_at, weather_condition, traffic_condition, delivery_rating) VALUES ('DLV00081', 11, 'Downtown', 'Riverside', 5.52, 41, '2025-07-23 15:13:32', 'cloudy', 'low', 3.4);
INSERT INTO deliveries (delivery_id, delivery_person_id, restaurant_area, customer_area, delivery_distance_km, delivery_time_min, order_placed_at, weather_condition, traffic_condition, delivery_rating) VALUES ('DLV00082', 11, 'Downtown', 'TechPark', 3.68, 68, '2025-06-21 14:42:32', 'fog', 'high', 4.2);
INSERT INTO deliveries (delivery_id, delivery_person_id, restaurant_area, customer_area, delivery_distance_km, delivery_time_min, order_placed_at, weather_condition, traffic_condition, delivery_rating) VALUES ('DLV00083', 3, 'Downtown', 'Midtown', 4.96, 66, '2025-09-22 19:17:32', 'fog', 'high', 4.4);
INSERT INTO deliveries (delivery_id, delivery_person_id, restaurant_area, customer_area, delivery_distance_km, delivery_time_min, order_placed_at, weather_condition, traffic_condition, delivery_rating) VALUES ('DLV00084', 12, 'Midtown', 'TechPark', 4.18, 73, '2025-09-12 01:48:32', 'storm', 'moderate', 3.6);
INSERT INTO deliveries (delivery_id, delivery_person_id, restaurant_area, customer_area, delivery_distance_km, delivery_time_min, order_placed_at, weather_condition, traffic_condition, delivery_rating) VALUES ('DLV00085', 6, 'Midtown', 'Midtown', 4.1, 79, '2025-06-12 00:25:32', 'cloudy', 'gridlock', 4.3);
INSERT INTO deliveries (delivery_id, delivery_person_id, restaurant_area, customer_area, delivery_distance_km, delivery_time_min, order_placed_at, weather_condition, traffic_condition, delivery_rating) VALUES ('DLV00086', 9, 'Harbor', 'Harbor', 2.88, 50, '2025-08-22 02:34:32', 'clear', 'high', 4.5);
INSERT INTO deliveries (delivery_id, delivery_person_id, restaurant_area, customer_area, delivery_distance_km, delivery_time_min, order_placed_at, weather_condition, traffic_condition, delivery_rating) VALUES ('DLV00087', 11, 'OldTown', 'TechPark', 2.21, 101, '2025-07-26 11:27:32', 'storm', 'gridlock', 4.5);
INSERT INTO deliveries (delivery_id, delivery_person_id, restaurant_area, customer_area, delivery_distance_km, delivery_time_min, order_placed_at, weather_condition, traffic_condition, delivery_rating) VALUES ('DLV00088', 12, 'Riverside', 'OldTown', 2.35, 75, '2025-08-08 08:01:32', 'clear', 'gridlock', 4.3);
INSERT INTO deliveries (delivery_id, delivery_person_id, restaurant_area, customer_area, delivery_distance_km, delivery_time_min, order_placed_at, weather_condition, traffic_condition, delivery_rating) VALUES ('DLV00089', 2, 'Midtown', 'Harbor', 3.45, 69, '2025-07-03 19:46:32', 'clear', 'high', 4.2);
INSERT INTO deliveries (delivery_id, delivery_person_id, restaurant_area, customer_area, delivery_distance_km, delivery_time_min, order_placed_at, weather_condition, traffic_condition, delivery_rating) VALUES ('DLV00090', 13, 'OldTown', 'Uptown', 2.47, 57, '2025-09-24 16:46:32', 'cloudy', 'gridlock', 4.4);
INSERT INTO deliveries (delivery_id, delivery_person_id, restaurant_area, customer_area, delivery_distance_km, delivery_time_min, order_placed_at, weather_condition, traffic_condition, delivery_rating) VALUES ('DLV00091', 7, 'Riverside', 'Riverside', 5.56, 85, '2025-06-30 03:14:32', 'rain', 'gridlock', 3.0);
INSERT INTO deliveries (delivery_id, delivery_person_id, restaurant_area, customer_area, delivery_distance_km, delivery_time_min, order_placed_at, weather_condition, traffic_condition, delivery_rating) VALUES ('DLV00092', 12, 'Downtown', 'Riverside', 1.01, 59, '2025-09-21 20:51:32', 'rain', 'moderate', 3.9);
INSERT INTO deliveries (delivery_id, delivery_person_id, restaurant_area, customer_area, delivery_distance_km, delivery_time_min, order_placed_at, weather_condition, traffic_condition, delivery_rating) VALUES ('DLV00093', 7, 'TechPark', 'Uptown', 4.97, 73, '2025-07-06 17:00:32', 'clear', 'high', 4.7);
INSERT INTO deliveries (delivery_id, delivery_person_id, restaurant_area, customer_area, delivery_distance_km, delivery_time_min, order_placed_at, weather_condition, traffic_condition, delivery_rating) VALUES ('DLV00094', 8, 'TechPark', 'Midtown', 5.02, 94, '2025-08-02 11:40:32', 'fog', 'gridlock', 3.3);
INSERT INTO deliveries (delivery_id, delivery_person_id, restaurant_area, customer_area, delivery_distance_km, delivery_time_min, order_placed_at, weather_condition, traffic_condition, delivery_rating) VALUES ('DLV00095', 11, 'TechPark', 'Uptown', 3.04, 48, '2025-06-07 03:16:32', 'cloudy', 'moderate', 3.7);
INSERT INTO deliveries (delivery_id, delivery_person_id, restaurant_area, customer_area, delivery_distance_km, delivery_time_min, order_placed_at, weather_condition, traffic_condition, delivery_rating) VALUES ('DLV00096', 3, 'Uptown', 'Uptown', 4.37, 84, '2025-06-03 00:58:32', 'fog', 'high', 4.2);
INSERT INTO deliveries (delivery_id, delivery_person_id, restaurant_area, customer_area, delivery_distance_km, delivery_time_min, order_placed_at, weather_condition, traffic_condition, delivery_rating) VALUES ('DLV00097', 2, 'Riverside', 'Riverside', 4.0, 96, '2025-07-07 02:11:32', 'storm', 'moderate', 3.7);
INSERT INTO deliveries (delivery_id, delivery_person_id, restaurant_area, customer_area, delivery_distance_km, delivery_time_min, order_placed_at, weather_condition, traffic_condition, delivery_rating) VALUES ('DLV00098', 15, 'Midtown', 'Uptown', 3.24, 62, '2025-07-15 06:11:32', 'clear', 'high', 3.8);
INSERT INTO deliveries (delivery_id, delivery_person_id, restaurant_area, customer_area, delivery_distance_km, delivery_time_min, order_placed_at, weather_condition, traffic_condition, delivery_rating) VALUES ('DLV00099', 8, 'Riverside', 'OldTown', 3.98, 104, '2025-06-07 18:06:32', 'rain', 'gridlock', 3.6);
INSERT INTO deliveries (delivery_id, delivery_person_id, restaurant_area, customer_area, delivery_distance_km, delivery_time_min, order_placed_at, weather_condition, traffic_condition, delivery_rating) VALUES ('DLV00100', 4, 'OldTown', 'TechPark', 2.57, 61, '2025-07-07 09:16:32', 'cloudy', 'high', 3.2);
INSERT INTO deliveries (delivery_id, delivery_person_id, restaurant_area, customer_area, delivery_distance_km, delivery_time_min, order_placed_at, weather_condition, traffic_condition, delivery_rating) VALUES ('DLV00101', 10, 'Uptown', 'Midtown', 1.15, 43, '2025-06-18 01:53:32', 'rain', 'low', 3.9);
INSERT INTO deliveries (delivery_id, delivery_person_id, restaurant_area, customer_area, delivery_distance_km, delivery_time_min, order_placed_at, weather_condition, traffic_condition, delivery_rating) VALUES ('DLV00102', 2, 'Midtown', 'Riverside', 5.84, 79, '2025-07-19 04:22:32', 'cloudy', 'high', 4.7);
INSERT INTO deliveries (delivery_id, delivery_person_id, restaurant_area, customer_area, delivery_distance_km, delivery_time_min, order_placed_at, weather_condition, traffic_condition, delivery_rating) VALUES ('DLV00103', 12, 'TechPark', 'Riverside', 7.85, 84, '2025-06-23 05:04:32', 'cloudy', 'moderate', 4.2);
INSERT INTO deliveries (delivery_id, delivery_person_id, restaurant_area, customer_area, delivery_distance_km, delivery_time_min, order_placed_at, weather_condition, traffic_condition, delivery_rating) VALUES ('DLV00104', 1, 'Downtown', 'Uptown', 1.53, 53, '2025-07-17 04:50:32', 'clear', 'gridlock', 4.3);
INSERT INTO deliveries (delivery_id, delivery_person_id, restaurant_area, customer_area, delivery_distance_km, delivery_time_min, order_placed_at, weather_condition, traffic_condition, delivery_rating) VALUES ('DLV00105', 2, 'TechPark', 'Harbor', 1.91, 63, '2025-07-02 07:18:32', 'clear', 'high', 3.7);
INSERT INTO deliveries (delivery_id, delivery_person_id, restaurant_area, customer_area, delivery_distance_km, delivery_time_min, order_placed_at, weather_condition, traffic_condition, delivery_rating) VALUES ('DLV00106', 12, 'Midtown', 'TechPark', 1.99, 41, '2025-07-17 04:57:32', 'clear', 'moderate', 3.7);
INSERT INTO deliveries (delivery_id, delivery_person_id, restaurant_area, customer_area, delivery_distance_km, delivery_time_min, order_placed_at, weather_condition, traffic_condition, delivery_rating) VALUES ('DLV00107', 9, 'Midtown', 'Midtown', 4.53, 73, '2025-08-05 12:47:32', 'clear', 'gridlock', 4.7);
INSERT INTO deliveries (delivery_id, delivery_person_id, restaurant_area, customer_area, delivery_distance_km, delivery_time_min, order_placed_at, weather_condition, traffic_condition, delivery_rating) VALUES ('DLV00108', 11, 'Midtown', 'Riverside', 6.4, 115, '2025-08-09 18:08:32', 'fog', 'gridlock', 3.1);
INSERT INTO deliveries (delivery_id, delivery_person_id, restaurant_area, customer_area, delivery_distance_km, delivery_time_min, order_placed_at, weather_condition, traffic_condition, delivery_rating) VALUES ('DLV00109', 10, 'OldTown', 'Midtown', 0.3, 52, '2025-06-12 00:16:32', 'rain', 'low', 4.1);
INSERT INTO deliveries (delivery_id, delivery_person_id, restaurant_area, customer_area, delivery_distance_km, delivery_time_min, order_placed_at, weather_condition, traffic_condition, delivery_rating) VALUES ('DLV00110', 14, 'Midtown', 'Downtown', 6.12, 70, '2025-09-13 18:32:32', 'clear', 'high', 4.0);
INSERT INTO deliveries (delivery_id, delivery_person_id, restaurant_area, customer_area, delivery_distance_km, delivery_time_min, order_placed_at, weather_condition, traffic_condition, delivery_rating) VALUES ('DLV00111', 15, 'Downtown', 'Midtown', 2.51, 23, '2025-06-13 01:50:32', 'clear', 'low', 4.4);
INSERT INTO deliveries (delivery_id, delivery_person_id, restaurant_area, customer_area, delivery_distance_km, delivery_time_min, order_placed_at, weather_condition, traffic_condition, delivery_rating) VALUES ('DLV00112', 14, 'Midtown', 'Uptown', 2.55, 50, '2025-08-31 13:02:32', 'fog', 'moderate', 5.0);
INSERT INTO deliveries (delivery_id, delivery_person_id, restaurant_area, customer_area, delivery_distance_km, delivery_time_min, order_placed_at, weather_condition, traffic_condition, delivery_rating) VALUES ('DLV00113', 16, 'TechPark', 'TechPark', 3.02, 58, '2025-06-17 20:55:32', 'fog', 'moderate', 4.0);
INSERT INTO deliveries (delivery_id, delivery_person_id, restaurant_area, customer_area, delivery_distance_km, delivery_time_min, order_placed_at, weather_condition, traffic_condition, delivery_rating) VALUES ('DLV00114', 12, 'TechPark', 'Downtown', 5.24, 53, '2025-09-10 15:33:32', 'fog', 'moderate', 4.3);
INSERT INTO deliveries (delivery_id, delivery_person_id, restaurant_area, customer_area, delivery_distance_km, delivery_time_min, order_placed_at, weather_condition, traffic_condition, delivery_rating) VALUES ('DLV00115', 13, 'TechPark', 'Midtown', 3.94, 50, '2025-08-03 23:48:32', 'fog', 'high', 3.6);
INSERT INTO deliveries (delivery_id, delivery_person_id, restaurant_area, customer_area, delivery_distance_km, delivery_time_min, order_placed_at, weather_condition, traffic_condition, delivery_rating) VALUES ('DLV00116', 16, 'Midtown', 'Riverside', 2.78, 76, '2025-09-20 16:05:32', 'storm', 'high', 3.7);
INSERT INTO deliveries (delivery_id, delivery_person_id, restaurant_area, customer_area, delivery_distance_km, delivery_time_min, order_placed_at, weather_condition, traffic_condition, delivery_rating) VALUES ('DLV00117', 6, 'TechPark', 'Midtown', 0.3, 23, '2025-08-02 18:49:32', 'clear', 'low', 4.2);
INSERT INTO deliveries (delivery_id, delivery_person_id, restaurant_area, customer_area, delivery_distance_km, delivery_time_min, order_placed_at, weather_condition, traffic_condition, delivery_rating) VALUES ('DLV00118', 15, 'Midtown', 'Riverside', 5.02, 95, '2025-07-06 21:20:32', 'storm', 'high', 3.6);
INSERT INTO deliveries (delivery_id, delivery_person_id, restaurant_area, customer_area, delivery_distance_km, delivery_time_min, order_placed_at, weather_condition, traffic_condition, delivery_rating) VALUES ('DLV00119', 16, 'TechPark', 'Uptown', 2.83, 58, '2025-08-02 12:05:32', 'storm', 'moderate', 3.6);
INSERT INTO deliveries (delivery_id, delivery_person_id, restaurant_area, customer_area, delivery_distance_km, delivery_time_min, order_placed_at, weather_condition, traffic_condition, delivery_rating) VALUES ('DLV00120', 4, 'Harbor', 'Uptown', 4.43, 59, '2025-08-06 02:09:32', 'rain', 'low', 4.3);

-- Orders
INSERT INTO orders (order_id, delivery_id, restaurant_id, customer_id, order_value, items_count) VALUES (1, 'DLV00001', 'REST0007', 'CUST2099', 39.12, 4);
INSERT INTO orders (order_id, delivery_id, restaurant_id, customer_id, order_value, items_count) VALUES (2, 'DLV00002', 'REST0009', 'CUST2582', 23.19, 3);
INSERT INTO orders (order_id, delivery_id, restaurant_id, customer_id, order_value, items_count) VALUES (3, 'DLV00003', 'REST0014', 'CUST1982', 12.06, 2);
INSERT INTO orders (order_id, delivery_id, restaurant_id, customer_id, order_value, items_count) VALUES (4, 'DLV00004', 'REST0005', 'CUST3002', 25.93, 4);
INSERT INTO orders (order_id, delivery_id, restaurant_id, customer_id, order_value, items_count) VALUES (5, 'DLV00005', 'REST0005', 'CUST7929', 27.56, 1);
INSERT INTO orders (order_id, delivery_id, restaurant_id, customer_id, order_value, items_count) VALUES (6, 'DLV00006', 'REST0009', 'CUST5712', 24.52, 3);
INSERT INTO orders (order_id, delivery_id, restaurant_id, customer_id, order_value, items_count) VALUES (7, 'DLV00007', 'REST0015', 'CUST9313', 25.59, 2);
INSERT INTO orders (order_id, delivery_id, restaurant_id, customer_id, order_value, items_count) VALUES (8, 'DLV00008', 'REST0011', 'CUST2773', 31.19, 3);
INSERT INTO orders (order_id, delivery_id, restaurant_id, customer_id, order_value, items_count) VALUES (9, 'DLV00009', 'REST0021', 'CUST5564', 20.76, 3);
INSERT INTO orders (order_id, delivery_id, restaurant_id, customer_id, order_value, items_count) VALUES (10, 'DLV00010', 'REST0017', 'CUST1430', 31.78, 3);
INSERT INTO orders (order_id, delivery_id, restaurant_id, customer_id, order_value, items_count) VALUES (11, 'DLV00011', 'REST0013', 'CUST5381', 25.64, 5);
INSERT INTO orders (order_id, delivery_id, restaurant_id, customer_id, order_value, items_count) VALUES (12, 'DLV00012', 'REST0013', 'CUST6062', 33.97, 3);
INSERT INTO orders (order_id, delivery_id, restaurant_id, customer_id, order_value, items_count) VALUES (13, 'DLV00013', 'REST0009', 'CUST3347', 23.56, 2);
INSERT INTO orders (order_id, delivery_id, restaurant_id, customer_id, order_value, items_count) VALUES (14, 'DLV00014', 'REST0006', 'CUST1502', 21.1, 2);
INSERT INTO orders (order_id, delivery_id, restaurant_id, customer_id, order_value, items_count) VALUES (15, 'DLV00015', 'REST0021', 'CUST7878', 18.82, 2);
INSERT INTO orders (order_id, delivery_id, restaurant_id, customer_id, order_value, items_count) VALUES (16, 'DLV00016', 'REST0014', 'CUST6314', 27.85, 2);
INSERT INTO orders (order_id, delivery_id, restaurant_id, customer_id, order_value, items_count) VALUES (17, 'DLV00017', 'REST0010', 'CUST1861', 25.09, 4);
INSERT INTO orders (order_id, delivery_id, restaurant_id, customer_id, order_value, items_count) VALUES (18, 'DLV00018', 'REST0001', 'CUST2336', 32.45, 3);
INSERT INTO orders (order_id, delivery_id, restaurant_id, customer_id, order_value, items_count) VALUES (19, 'DLV00019', 'REST0006', 'CUST8242', 22.71, 1);
INSERT INTO orders (order_id, delivery_id, restaurant_id, customer_id, order_value, items_count) VALUES (20, 'DLV00020', 'REST0015', 'CUST2864', 32.96, 2);
INSERT INTO orders (order_id, delivery_id, restaurant_id, customer_id, order_value, items_count) VALUES (21, 'DLV00021', 'REST0020', 'CUST8972', 25.09, 2);
INSERT INTO orders (order_id, delivery_id, restaurant_id, customer_id, order_value, items_count) VALUES (22, 'DLV00022', 'REST0009', 'CUST7475', 21.41, 2);
INSERT INTO orders (order_id, delivery_id, restaurant_id, customer_id, order_value, items_count) VALUES (23, 'DLV00023', 'REST0015', 'CUST4460', 26.87, 3);
INSERT INTO orders (order_id, delivery_id, restaurant_id, customer_id, order_value, items_count) VALUES (24, 'DLV00024', 'REST0005', 'CUST6375', 29.0, 3);
INSERT INTO orders (order_id, delivery_id, restaurant_id, customer_id, order_value, items_count) VALUES (25, 'DLV00025', 'REST0014', 'CUST3878', 28.48, 4);
INSERT INTO orders (order_id, delivery_id, restaurant_id, customer_id, order_value, items_count) VALUES (26, 'DLV00026', 'REST0005', 'CUST9196', 26.9, 1);
INSERT INTO orders (order_id, delivery_id, restaurant_id, customer_id, order_value, items_count) VALUES (27, 'DLV00027', 'REST0015', 'CUST2180', 18.59, 4);
INSERT INTO orders (order_id, delivery_id, restaurant_id, customer_id, order_value, items_count) VALUES (28, 'DLV00028', 'REST0004', 'CUST1307', 24.15, 3);
INSERT INTO orders (order_id, delivery_id, restaurant_id, customer_id, order_value, items_count) VALUES (29, 'DLV00029', 'REST0006', 'CUST8033', 24.82, 5);
INSERT INTO orders (order_id, delivery_id, restaurant_id, customer_id, order_value, items_count) VALUES (30, 'DLV00030', 'REST0008', 'CUST5743', 25.35, 1);
INSERT INTO orders (order_id, delivery_id, restaurant_id, customer_id, order_value, items_count) VALUES (31, 'DLV00031', 'REST0001', 'CUST3815', 29.28, 1);
INSERT INTO orders (order_id, delivery_id, restaurant_id, customer_id, order_value, items_count) VALUES (32, 'DLV00032', 'REST0013', 'CUST6928', 25.85, 4);
INSERT INTO orders (order_id, delivery_id, restaurant_id, customer_id, order_value, items_count) VALUES (33, 'DLV00033', 'REST0022', 'CUST8138', 24.1, 2);
INSERT INTO orders (order_id, delivery_id, restaurant_id, customer_id, order_value, items_count) VALUES (34, 'DLV00034', 'REST0012', 'CUST6083', 24.42, 2);
INSERT INTO orders (order_id, delivery_id, restaurant_id, customer_id, order_value, items_count) VALUES (35, 'DLV00035', 'REST0004', 'CUST3754', 27.57, 2);
INSERT INTO orders (order_id, delivery_id, restaurant_id, customer_id, order_value, items_count) VALUES (36, 'DLV00036', 'REST0013', 'CUST9355', 22.81, 2);
INSERT INTO orders (order_id, delivery_id, restaurant_id, customer_id, order_value, items_count) VALUES (37, 'DLV00037', 'REST0010', 'CUST3419', 22.4, 3);
INSERT INTO orders (order_id, delivery_id, restaurant_id, customer_id, order_value, items_count) VALUES (38, 'DLV00038', 'REST0012', 'CUST3842', 28.28, 3);
INSERT INTO orders (order_id, delivery_id, restaurant_id, customer_id, order_value, items_count) VALUES (39, 'DLV00039', 'REST0009', 'CUST2234', 36.3, 4);
INSERT INTO orders (order_id, delivery_id, restaurant_id, customer_id, order_value, items_count) VALUES (40, 'DLV00040', 'REST0019', 'CUST8601', 25.46, 4);
INSERT INTO orders (order_id, delivery_id, restaurant_id, customer_id, order_value, items_count) VALUES (41, 'DLV00041', 'REST0009', 'CUST6295', 17.42, 1);
INSERT INTO orders (order_id, delivery_id, restaurant_id, customer_id, order_value, items_count) VALUES (42, 'DLV00042', 'REST0020', 'CUST8205', 27.05, 4);
INSERT INTO orders (order_id, delivery_id, restaurant_id, customer_id, order_value, items_count) VALUES (43, 'DLV00043', 'REST0011', 'CUST5500', 22.14, 1);
INSERT INTO orders (order_id, delivery_id, restaurant_id, customer_id, order_value, items_count) VALUES (44, 'DLV00044', 'REST0022', 'CUST6085', 30.47, 4);
INSERT INTO orders (order_id, delivery_id, restaurant_id, customer_id, order_value, items_count) VALUES (45, 'DLV00045', 'REST0006', 'CUST5703', 23.61, 2);
INSERT INTO orders (order_id, delivery_id, restaurant_id, customer_id, order_value, items_count) VALUES (46, 'DLV00046', 'REST0015', 'CUST2479', 7.47, 1);
INSERT INTO orders (order_id, delivery_id, restaurant_id, customer_id, order_value, items_count) VALUES (47, 'DLV00047', 'REST0009', 'CUST1672', 19.71, 2);
INSERT INTO orders (order_id, delivery_id, restaurant_id, customer_id, order_value, items_count) VALUES (48, 'DLV00048', 'REST0019', 'CUST4084', 23.77, 4);
INSERT INTO orders (order_id, delivery_id, restaurant_id, customer_id, order_value, items_count) VALUES (49, 'DLV00049', 'REST0004', 'CUST2013', 16.16, 1);
INSERT INTO orders (order_id, delivery_id, restaurant_id, customer_id, order_value, items_count) VALUES (50, 'DLV00050', 'REST0016', 'CUST6626', 38.28, 5);
INSERT INTO orders (order_id, delivery_id, restaurant_id, customer_id, order_value, items_count) VALUES (51, 'DLV00051', 'REST0006', 'CUST1641', 32.37, 4);
INSERT INTO orders (order_id, delivery_id, restaurant_id, customer_id, order_value, items_count) VALUES (52, 'DLV00052', 'REST0005', 'CUST9586', 5.5, 2);
INSERT INTO orders (order_id, delivery_id, restaurant_id, customer_id, order_value, items_count) VALUES (53, 'DLV00053', 'REST0018', 'CUST5634', 19.37, 2);
INSERT INTO orders (order_id, delivery_id, restaurant_id, customer_id, order_value, items_count) VALUES (54, 'DLV00054', 'REST0004', 'CUST1857', 25.96, 2);
INSERT INTO orders (order_id, delivery_id, restaurant_id, customer_id, order_value, items_count) VALUES (55, 'DLV00055', 'REST0013', 'CUST6401', 19.03, 2);
INSERT INTO orders (order_id, delivery_id, restaurant_id, customer_id, order_value, items_count) VALUES (56, 'DLV00056', 'REST0009', 'CUST5128', 18.39, 1);
INSERT INTO orders (order_id, delivery_id, restaurant_id, customer_id, order_value, items_count) VALUES (57, 'DLV00057', 'REST0001', 'CUST3463', 15.55, 4);
INSERT INTO orders (order_id, delivery_id, restaurant_id, customer_id, order_value, items_count) VALUES (58, 'DLV00058', 'REST0005', 'CUST6731', 32.34, 4);
INSERT INTO orders (order_id, delivery_id, restaurant_id, customer_id, order_value, items_count) VALUES (59, 'DLV00059', 'REST0013', 'CUST7421', 26.13, 4);
INSERT INTO orders (order_id, delivery_id, restaurant_id, customer_id, order_value, items_count) VALUES (60, 'DLV00060', 'REST0015', 'CUST6072', 12.54, 1);
INSERT INTO orders (order_id, delivery_id, restaurant_id, customer_id, order_value, items_count) VALUES (61, 'DLV00061', 'REST0002', 'CUST3093', 27.93, 1);
INSERT INTO orders (order_id, delivery_id, restaurant_id, customer_id, order_value, items_count) VALUES (62, 'DLV00062', 'REST0003', 'CUST9624', 9.09, 2);
INSERT INTO orders (order_id, delivery_id, restaurant_id, customer_id, order_value, items_count) VALUES (63, 'DLV00063', 'REST0016', 'CUST6928', 18.0, 2);
INSERT INTO orders (order_id, delivery_id, restaurant_id, customer_id, order_value, items_count) VALUES (64, 'DLV00064', 'REST0018', 'CUST4509', 25.88, 2);
INSERT INTO orders (order_id, delivery_id, restaurant_id, customer_id, order_value, items_count) VALUES (65, 'DLV00065', 'REST0014', 'CUST4711', 25.76, 4);
INSERT INTO orders (order_id, delivery_id, restaurant_id, customer_id, order_value, items_count) VALUES (66, 'DLV00066', 'REST0013', 'CUST2657', 29.65, 3);
INSERT INTO orders (order_id, delivery_id, restaurant_id, customer_id, order_value, items_count) VALUES (67, 'DLV00067', 'REST0009', 'CUST9626', 14.21, 3);
INSERT INTO orders (order_id, delivery_id, restaurant_id, customer_id, order_value, items_count) VALUES (68, 'DLV00068', 'REST0013', 'CUST3147', 10.06, 1);
INSERT INTO orders (order_id, delivery_id, restaurant_id, customer_id, order_value, items_count) VALUES (69, 'DLV00069', 'REST0016', 'CUST3712', 25.5, 2);
INSERT INTO orders (order_id, delivery_id, restaurant_id, customer_id, order_value, items_count) VALUES (70, 'DLV00070', 'REST0018', 'CUST4891', 22.86, 1);
INSERT INTO orders (order_id, delivery_id, restaurant_id, customer_id, order_value, items_count) VALUES (71, 'DLV00071', 'REST0011', 'CUST8355', 14.08, 1);
INSERT INTO orders (order_id, delivery_id, restaurant_id, customer_id, order_value, items_count) VALUES (72, 'DLV00072', 'REST0019', 'CUST8684', 19.4, 1);
INSERT INTO orders (order_id, delivery_id, restaurant_id, customer_id, order_value, items_count) VALUES (73, 'DLV00073', 'REST0002', 'CUST8218', 20.56, 3);
INSERT INTO orders (order_id, delivery_id, restaurant_id, customer_id, order_value, items_count) VALUES (74, 'DLV00074', 'REST0006', 'CUST9239', 15.17, 3);
INSERT INTO orders (order_id, delivery_id, restaurant_id, customer_id, order_value, items_count) VALUES (75, 'DLV00075', 'REST0019', 'CUST4271', 24.75, 2);
INSERT INTO orders (order_id, delivery_id, restaurant_id, customer_id, order_value, items_count) VALUES (76, 'DLV00076', 'REST0005', 'CUST1854', 13.05, 1);
INSERT INTO orders (order_id, delivery_id, restaurant_id, customer_id, order_value, items_count) VALUES (77, 'DLV00077', 'REST0019', 'CUST2680', 21.2, 1);
INSERT INTO orders (order_id, delivery_id, restaurant_id, customer_id, order_value, items_count) VALUES (78, 'DLV00078', 'REST0002', 'CUST5670', 18.35, 4);
INSERT INTO orders (order_id, delivery_id, restaurant_id, customer_id, order_value, items_count) VALUES (79, 'DLV00079', 'REST0004', 'CUST9410', 20.73, 3);
INSERT INTO orders (order_id, delivery_id, restaurant_id, customer_id, order_value, items_count) VALUES (80, 'DLV00080', 'REST0011', 'CUST4637', 23.2, 3);
INSERT INTO orders (order_id, delivery_id, restaurant_id, customer_id, order_value, items_count) VALUES (81, 'DLV00081', 'REST0012', 'CUST1436', 22.18, 1);
INSERT INTO orders (order_id, delivery_id, restaurant_id, customer_id, order_value, items_count) VALUES (82, 'DLV00082', 'REST0020', 'CUST4862', 30.33, 4);
INSERT INTO orders (order_id, delivery_id, restaurant_id, customer_id, order_value, items_count) VALUES (83, 'DLV00083', 'REST0011', 'CUST1461', 27.8, 4);
INSERT INTO orders (order_id, delivery_id, restaurant_id, customer_id, order_value, items_count) VALUES (84, 'DLV00084', 'REST0003', 'CUST6493', 25.67, 5);
INSERT INTO orders (order_id, delivery_id, restaurant_id, customer_id, order_value, items_count) VALUES (85, 'DLV00085', 'REST0016', 'CUST8740', 26.83, 3);
INSERT INTO orders (order_id, delivery_id, restaurant_id, customer_id, order_value, items_count) VALUES (86, 'DLV00086', 'REST0003', 'CUST8685', 16.67, 3);
INSERT INTO orders (order_id, delivery_id, restaurant_id, customer_id, order_value, items_count) VALUES (87, 'DLV00087', 'REST0020', 'CUST1311', 11.85, 1);
INSERT INTO orders (order_id, delivery_id, restaurant_id, customer_id, order_value, items_count) VALUES (88, 'DLV00088', 'REST0017', 'CUST9647', 28.84, 3);
INSERT INTO orders (order_id, delivery_id, restaurant_id, customer_id, order_value, items_count) VALUES (89, 'DLV00089', 'REST0002', 'CUST5934', 28.68, 3);
INSERT INTO orders (order_id, delivery_id, restaurant_id, customer_id, order_value, items_count) VALUES (90, 'DLV00090', 'REST0021', 'CUST8489', 29.85, 4);
INSERT INTO orders (order_id, delivery_id, restaurant_id, customer_id, order_value, items_count) VALUES (91, 'DLV00091', 'REST0005', 'CUST9782', 36.35, 4);
INSERT INTO orders (order_id, delivery_id, restaurant_id, customer_id, order_value, items_count) VALUES (92, 'DLV00092', 'REST0008', 'CUST3352', 14.71, 1);
INSERT INTO orders (order_id, delivery_id, restaurant_id, customer_id, order_value, items_count) VALUES (93, 'DLV00093', 'REST0017', 'CUST4941', 24.06, 1);
INSERT INTO orders (order_id, delivery_id, restaurant_id, customer_id, order_value, items_count) VALUES (94, 'DLV00094', 'REST0002', 'CUST2402', 24.94, 1);
INSERT INTO orders (order_id, delivery_id, restaurant_id, customer_id, order_value, items_count) VALUES (95, 'DLV00095', 'REST0012', 'CUST9618', 25.14, 3);
INSERT INTO orders (order_id, delivery_id, restaurant_id, customer_id, order_value, items_count) VALUES (96, 'DLV00096', 'REST0022', 'CUST1333', 19.68, 1);
INSERT INTO orders (order_id, delivery_id, restaurant_id, customer_id, order_value, items_count) VALUES (97, 'DLV00097', 'REST0021', 'CUST7338', 24.22, 3);
INSERT INTO orders (order_id, delivery_id, restaurant_id, customer_id, order_value, items_count) VALUES (98, 'DLV00098', 'REST0003', 'CUST2106', 24.09, 2);
INSERT INTO orders (order_id, delivery_id, restaurant_id, customer_id, order_value, items_count) VALUES (99, 'DLV00099', 'REST0010', 'CUST2698', 34.26, 3);
INSERT INTO orders (order_id, delivery_id, restaurant_id, customer_id, order_value, items_count) VALUES (100, 'DLV00100', 'REST0019', 'CUST3185', 15.53, 1);
INSERT INTO orders (order_id, delivery_id, restaurant_id, customer_id, order_value, items_count) VALUES (101, 'DLV00101', 'REST0009', 'CUST3868', 27.37, 2);
INSERT INTO orders (order_id, delivery_id, restaurant_id, customer_id, order_value, items_count) VALUES (102, 'DLV00102', 'REST0010', 'CUST8840', 18.91, 3);
INSERT INTO orders (order_id, delivery_id, restaurant_id, customer_id, order_value, items_count) VALUES (103, 'DLV00103', 'REST0014', 'CUST8498', 28.44, 3);
INSERT INTO orders (order_id, delivery_id, restaurant_id, customer_id, order_value, items_count) VALUES (104, 'DLV00104', 'REST0002', 'CUST4268', 24.73, 2);
INSERT INTO orders (order_id, delivery_id, restaurant_id, customer_id, order_value, items_count) VALUES (105, 'DLV00105', 'REST0012', 'CUST9444', 34.13, 5);
INSERT INTO orders (order_id, delivery_id, restaurant_id, customer_id, order_value, items_count) VALUES (106, 'DLV00106', 'REST0012', 'CUST5150', 27.49, 4);
INSERT INTO orders (order_id, delivery_id, restaurant_id, customer_id, order_value, items_count) VALUES (107, 'DLV00107', 'REST0004', 'CUST6848', 21.59, 3);
INSERT INTO orders (order_id, delivery_id, restaurant_id, customer_id, order_value, items_count) VALUES (108, 'DLV00108', 'REST0007', 'CUST6438', 13.7, 3);
INSERT INTO orders (order_id, delivery_id, restaurant_id, customer_id, order_value, items_count) VALUES (109, 'DLV00109', 'REST0019', 'CUST7553', 29.55, 3);
INSERT INTO orders (order_id, delivery_id, restaurant_id, customer_id, order_value, items_count) VALUES (110, 'DLV00110', 'REST0004', 'CUST6554', 26.05, 1);
INSERT INTO orders (order_id, delivery_id, restaurant_id, customer_id, order_value, items_count) VALUES (111, 'DLV00111', 'REST0008', 'CUST9507', 20.67, 1);
INSERT INTO orders (order_id, delivery_id, restaurant_id, customer_id, order_value, items_count) VALUES (112, 'DLV00112', 'REST0018', 'CUST2293', 16.33, 3);
INSERT INTO orders (order_id, delivery_id, restaurant_id, customer_id, order_value, items_count) VALUES (113, 'DLV00113', 'REST0006', 'CUST9937', 13.81, 1);
INSERT INTO orders (order_id, delivery_id, restaurant_id, customer_id, order_value, items_count) VALUES (114, 'DLV00114', 'REST0017', 'CUST5843', 25.21, 2);
INSERT INTO orders (order_id, delivery_id, restaurant_id, customer_id, order_value, items_count) VALUES (115, 'DLV00115', 'REST0019', 'CUST3730', 23.68, 1);
INSERT INTO orders (order_id, delivery_id, restaurant_id, customer_id, order_value, items_count) VALUES (116, 'DLV00116', 'REST0015', 'CUST6776', 22.75, 1);
INSERT INTO orders (order_id, delivery_id, restaurant_id, customer_id, order_value, items_count) VALUES (117, 'DLV00117', 'REST0014', 'CUST1939', 25.44, 3);
INSERT INTO orders (order_id, delivery_id, restaurant_id, customer_id, order_value, items_count) VALUES (118, 'DLV00118', 'REST0003', 'CUST9406', 17.61, 2);
INSERT INTO orders (order_id, delivery_id, restaurant_id, customer_id, order_value, items_count) VALUES (119, 'DLV00119', 'REST0014', 'CUST1510', 19.46, 2);
INSERT INTO orders (order_id, delivery_id, restaurant_id, customer_id, order_value, items_count) VALUES (120, 'DLV00120', 'REST0003', 'CUST8179', 20.65, 4);
